"項目","単位","1980_s55","1981_s56","1982_s57","1983_s58","1984_s59","1985_s60","1986_s61","1987_s62","1988_s63","1989_H1","1990_H2","1991_H3","1992_H4","1993_H5","1994_H6","1995_H7","1996_H8","1997_H9","1998_H10","1999_H11","2000_H12","2001_H13","2002_H14","2003_H15","2004_H16","2005_H17","2006_H18","2007_H19","2008_H20","2009_H21","2010_H22","2011_H23","2012_H24","2013_H25","有効数字(少数桁)"
"","","","","","","","","","","","","","","","","","","","","","","","","","","","","","","","","","","","",""
"産業別集計表（従業者4人以上の事業所）_総計_事業所数","","…","4461.0","4446.0","4337.0","4104.0","4164.0","4186.0","4040.0","4110.0","3960.0","4087.0","3941.0","3824.0","3772.0","3544.0","3507.0","3348.0","3202.0","3363.0","3128.0","3012.0","2847.0","2659.0","2669.0","2473.0","2497.0","2259.0","2145.0","2229.0","2016.0","1930.0","2106.0","1968.0","1900.0",""
"産業別集計表（従業者4人以上の事業所）_総計_従業者数","人","…","81340.0","80340.0","79125.0","77195.0","77833.0","77197.0","75475.0","75098.0","73240.0","75031.0","74688.0","74276.0","73403.0","70337.0","68765.0","67136.0","65240.0","64825.0","61538.0","59634.0","57418.0","55276.0","54320.0","53130.0","52416.0","50557.0","52367.0","52560.0","49154.0","48873.0","50545.0","50181.0","50059.0",""
"産業別集計表（従業者4人以上の事業所）_総計_現金給与総額","百万円","…","214931.0","224506.0","225464.0","221754.0","242127.0","240316.0","236620.0","244123.0","245528.0","260530.0","269593.0","277827.0","282038.0","284813.0","293072.0","282408.0","271715.0","268307.0","255518.0","253781.0","237552.0","216077.0","202996.0","206671.0","205134.0","197288.0","207865.0","210367.31","193238.0","193673.0","199191.0","198334.0","193016.0",""
"産業別集計表（従業者4人以上の事業所）_総計_原材料使用額等","百万円","…","1923411.0","1911782.0","1700727.0","1722661.0","1744848.0","1271097.0","1112618.0","1212246.0","1365002.0","1515541.0","1526219.0","1349949.0","1220439.0","1145990.0","1170790.0","1186651.0","1221451.0","1086457.0","1062246.0","1145535.0","1070162.0","977550.0","926795.0","1220320.0","1510928.0","1614990.0","2079323.0","2155116.59","1504356.0","1639559.0","1874557.0","1848333.0","1986706.0",""
"産業別集計表（従業者4人以上の事業所）_総計_製造品出荷額等","百万円","…","2838530.0","2849573.0","2400139.0","2514612.0","2613133.0","2126131.0","2012543.0","2118717.0","2280044.0","2501355.0","2551933.0","2404812.0","2334818.0","2213349.0","2256008.0","2309148.0","2389522.0","2234642.0","2159182.0","2265357.0","2243396.0","2053518.0","2001065.0","2364304.0","2780266.0","2834238.0","3158950.0","3265563.57","2414808.0","2676879.0","2941710.0","2867488.0","2972305.0",""
"産業別集計表（従業者4人以上の事業所）_総計_付加価値額","百万円","…","801854.0","808061.0","593593.0","683052.0","720803.0","650174.0","711601.0","693009.0","696312.0","739074.0","775204.0","764407.0","841299.0","791703.0","832405.0","835520.0","861635.0","820682.0","780629.0","832762.0","858160.0","802723.0","860912.0","904748.0","1045022.0","993647.0","863275.0","944574.17","661613.0","809644.0","892030.0","859880.0","843021.0",""
"産業別集計表（従業者4人以上の事業所）_食料_事業所数","","…","672.0","676.0","660.0","632.0","609.0","592.0","561.0","582.0","542.0","580.0","549.0","546.0","554.0","526.0","535.0","508.0","499.0","551.0","539.0","538.0","529.0","518.0","540.0","507.0","509.0","470.0","466.0","483.0","455.0","446.0","456.0","453.0","433.0",""
"産業別集計表（従業者4人以上の事業所）_食料_従業者数","人","…","8425.0","8486.0","8468.0","8624.0","7743.0","7836.0","7900.0","7930.0","7880.0","8140.0","8093.0","8169.0","8688.0","8725.0","8687.0","8522.0","8568.0","9173.0","9179.0","9237.0","9516.0","9890.0","10141.0","9754.0","9560.0","8930.0","9398.0","9211.0","8689.0","8623.0","8324.0","8853.0","8972.0",""
"産業別集計表（従業者4人以上の事業所）_食料_現金給与総額","百万円","…","14439.0","15027.0","15360.0","15868.0","14098.0","14631.0","15190.0","16142.0","16832.0","18416.0","18691.0","19629.0","20897.0","26869.0","23079.0","22630.0","22397.0","24060.0","23789.0","24245.0","23862.0","24500.0","24681.0","23414.0","23073.0","20902.0","22017.0","21582.97","20485.0","20208.0","20219.0","22000.0","20201.0",""
"産業別集計表（従業者4人以上の事業所）_食料_原材料使用額等","百万円","…","72703.0","73099.0","75980.0","78852.0","62901.0","62020.0","63452.0","68214.0","72117.0","79060.0","84717.0","86590.0","87274.0","84332.0","83905.0","87580.0","89602.0","91615.0","95966.0","91907.0","84237.0","79813.0","82465.0","81582.0","78770.0","71760.0","80830.0","88006.79","80368.0","78299.0","75490.0","92399.0","92035.0",""
"産業別集計表（従業者4人以上の事業所）_食料_製造品出荷額等","百万円","…","112851.0","114941.0","115686.0","120359.0","98186.0","97260.0","100577.0","106522.0","114073.0","123617.0","134138.0","137518.0","143205.0","138704.0","145688.0","149072.0","149363.0","152907.0","160250.0","159311.0","150335.0","147607.0","145581.0","141923.0","136061.0","124128.0","134857.0","138550.28","133040.0","132151.0","132187.0","147472.0","149171.0",""
"産業別集計表（従業者4人以上の事業所）_食料_付加価値額","百万円","…","36125.0","38059.0","36341.0","38449.0","33927.0","33446.0","35443.0","36655.0","39425.0","41469.0","46044.0","48680.0","51764.0","50383.0","57438.0","57133.0","55494.0","55324.0","57559.0","62036.0","59181.0","61560.0","58234.0","55437.0","50994.0","47400.0","49470.0","46568.09","47939.0","48851.0","53853.0","51211.0","51287.0",""
"産業別集計表（従業者4人以上の事業所）_飲料・飼料_事業所数","","…","…","…","…","…","60.0","57.0","59.0","62.0","59.0","58.0","52.0","53.0","47.0","41.0","46.0","43.0","42.0","46.0","43.0","45.0","47.0","44.0","44.0","42.0","41.0","34.0","35.0","38.0","37.0","35.0","37.0","33.0","30.0",""
"産業別集計表（従業者4人以上の事業所）_飲料・飼料_従業者数","人","…","…","…","…","…","1551.0","1517.0","1587.0","1545.0","1464.0","1404.0","1275.0","1329.0","1362.0","1311.0","1314.0","1348.0","1341.0","1395.0","1358.0","1325.0","1396.0","1194.0","963.0","1033.0","980.0","959.0","1103.0","1117.0","1034.0","1139.0","1317.0","1346.0","1333.0",""
"産業別集計表（従業者4人以上の事業所）_飲料・飼料_現金給与総額","百万円","…","…","…","…","…","4724.0","5318.0","5479.0","5820.0","5441.0","6082.0","5176.0","5647.0","6020.0","6017.0","6441.0","6493.0","6278.0","6918.0","6443.0","6237.0","7727.0","6769.0","3804.0","4128.0","3745.0","3640.0","4140.0","4148.86","3869.0","3824.0","5018.0","4795.0","4981.0",""
"産業別集計表（従業者4人以上の事業所）_飲料・飼料_原材料使用額等","百万円","…","…","…","…","…","28440.0","41226.0","36702.0","39862.0","33490.0","38231.0","41799.0","43799.0","43776.0","49752.0","50123.0","51449.0","51342.0","54936.0","49008.0","49398.0","47082.0","37473.0","37858.0","41442.0","35756.0","35423.0","37604.0","37025.79","39290.0","35605.0","51533.0","42963.0","42032.0",""
"産業別集計表（従業者4人以上の事業所）_飲料・飼料_製造品出荷額等","百万円","…","…","…","…","…","75550.0","81858.0","78313.0","74127.0","77282.0","113457.0","110453.0","146037.0","143774.0","146495.0","141794.0","147352.0","149680.0","157184.0","159029.0","146963.0","160599.0","118660.0","56699.0","60804.0","52118.0","54227.0","56608.0","55825.17","48164.0","53563.0","71845.0","63163.0","61476.0",""
"産業別集計表（従業者4人以上の事業所）_飲料・飼料_付加価値額","百万円","…","…","…","…","…","20637.0","12463.0","14073.0","10202.0","16438.0","19571.0","17084.0","23034.0","20061.0","20616.0","29172.0","31829.0","32381.0","34186.0","43964.0","37870.0","35746.0","24851.0","15654.0","17616.0","14002.0","14480.0","15302.0","14579.5","5343.0","15122.0","16577.0","17595.0","16642.0",""
"産業別集計表（従業者4人以上の事業所）_繊維_事業所数","","…","816.0","789.0","752.0","711.0","751.0","785.0","765.0","737.0","732.0","740.0","730.0","704.0","678.0","420.0","382.0","369.0","354.0","347.0","332.0","292.0","279.0","258.0","255.0","241.0","238.0","220.0","190.0","372.0","323.0","306.0","317.0","289.0","280.0",""
"産業別集計表（従業者4人以上の事業所）_繊維_従業者数","人","…","13053.0","12732.0","12404.0","12045.0","12537.0","12671.0","12624.0","12321.0","11885.0","11912.0","11895.0","11389.0","10950.0","7586.0","6889.0","6774.0","6723.0","6316.0","6006.0","5241.0","4809.0","4458.0","4134.0","3986.0","3886.0","3499.0","2943.0","5181.0","4785.0","4614.0","4659.0","4534.0","4564.0",""
"産業別集計表（従業者4人以上の事業所）_繊維_現金給与総額","百万円","…","29303.0","30235.0","29922.0","29470.0","31804.0","31763.0","32964.0","33460.0","32999.0","34409.0","36284.0","35326.0","34406.0","28197.0","26284.0","25795.0","25752.0","23979.0","22857.0","19143.0","17072.0","14968.0","13615.0","13121.0","12652.0","11123.0","9538.0","14443.76","13257.0","12902.0","12961.0","12157.0","12475.0",""
"産業別集計表（従業者4人以上の事業所）_繊維_原材料使用額等","百万円","…","153002.0","159441.0","150979.0","150288.0","153036.0","144652.0","148685.0","143354.0","142505.0","150678.0","161994.0","145972.0","134570.0","102682.0","92282.0","90457.0","87912.0","76348.0","70847.0","59080.0","52674.0","46174.0","43322.0","42569.0","40093.0","39175.0","37558.0","49628.61","41190.0","41085.0","40312.0","41915.0","42264.0",""
"産業別集計表（従業者4人以上の事業所）_繊維_製造品出荷額等","百万円","…","229970.0","235514.0","221870.0","226909.0","232903.0","224242.0","230497.0","223121.0","224847.0","244046.0","255718.0","231600.0","215592.0","168282.0","151064.0","147194.0","146744.0","132461.0","123754.0","105134.0","93018.0","83594.0","77501.0","76422.0","71498.0","67914.0","59646.0","84656.42","75560.0","71629.0","73157.0","70983.0","72243.0",""
"産業別集計表（従業者4人以上の事業所）_繊維_付加価値額","百万円","…","72861.0","73162.0","67052.0","73516.0","76595.0","75083.0","77586.0","756574.0","77637.0","86890.0","86948.0","79322.0","73707.0","59325.0","53838.0","52206.0","53997.0","50791.0","47921.0","42238.0","36754.0","33592.0","30904.0","31322.0","28846.0","26792.0","20400.0","32183.74","31808.0","28153.0","30926.0","27072.0","27985.0",""
"産業別集計表（従業者4人以上の事業所）_衣服_事業所数","","…","517.0","545.0","540.0","531.0","477.0","463.0","441.0","461.0","430.0","418.0","425.0","406.0","377.0","570.0","549.0","517.0","468.0","476.0","409.0","379.0","323.0","277.0","278.0","239.0","244.0","182.0","166.0","…","…","…","…","…","…",""
"産業別集計表（従業者4人以上の事業所）_衣服_従業者数","人","…","6550.0","6892.0","6600.0","6667.0","5833.0","5794.0","5665.0","5638.0","5259.0","4968.0","4895.0","4721.0","4315.0","6607.0","6519.0","5802.0","5412.0","4966.0","4239.0","3747.0","3415.0","3073.0","2970.0","2621.0","2485.0","2111.0","2087.0","…","…","…","…","…","…",""
"産業別集計表（従業者4人以上の事業所）_衣服_現金給与総額","百万円","…","8354.0","8906.0","8994.0","9174.0","8565.0","8816.0","8652.0","8626.0","8618.0","8323.0","8620.0","8926.0","8136.0","12594.0","13161.0","11382.0","10645.0","9601.0","8071.0","7045.0","6446.0","5814.0","5455.0","5127.0","4816.0","4038.0","4427.0","…","…","…","…","…","…",""
"産業別集計表（従業者4人以上の事業所）_衣服_原材料使用額等","百万円","…","22146.0","27496.0","26066.0","26493.0","25735.0","23951.0","20073.0","21423.0","21632.0","19919.0","20618.0","21043.0","16227.0","32888.0","34232.0","26567.0","26095.0","21769.0","17923.0","16858.0","16091.0","13847.0","12018.0","11328.0","13343.0","10538.0","11485.0","…","…","…","…","…","…",""
"産業別集計表（従業者4人以上の事業所）_衣服_製造品出荷額等","百万円","…","42266.0","47191.0","45760.0","46255.0","44404.0","43191.0","39095.0","40136.0","41334.0","39369.0","40224.0","41091.0","32493.0","59044.0","59843.0","48952.0","52298.0","41756.0","34245.0","32341.0","33236.0","30269.0","28837.0","26949.0","26458.0","21586.0","23337.0","…","…","…","…","…","…",""
"産業別集計表（従業者4人以上の事業所）_衣服_付加価値額","百万円","…","19639.0","19105.0","19093.0","19050.0","18352.0","19079.0","18614.0","17899.0","19051.0","18771.0","18821.0","19565.0","15283.0","24996.0","24302.0","21353.0","25216.0","18782.0","14913.0","14637.0","16034.0","15410.0","15600.0","14667.0","12329.0","10348.0","11042.0","…","…","…","…","…","…",""
"産業別集計表（従業者4人以上の事業所）_木材_事業所数","","…","483.0","484.0","459.0","416.0","432.0","416.0","403.0","411.0","398.0","394.0","379.0","363.0","359.0","338.0","333.0","314.0","291.0","290.0","258.0","249.0","222.0","212.0","207.0","191.0","185.0","168.0","160.0","150.0","128.0","105.0","111.0","104.0","96.0",""
"産業別集計表（従業者4人以上の事業所）_木材_従業者数","人","…","4845.0","4649.0","4425.0","4042.0","4171.0","4023.0","4157.0","4251.0","4114.0","4042.0","3858.0","3729.0","3720.0","3526.0","3428.0","3319.0","3088.0","2855.0","2658.0","2491.0","2254.0","2145.0","2002.0","1956.0","1828.0","1721.0","1729.0","1539.0","1378.0","1217.0","1380.0","1371.0","1347.0",""
"産業別集計表（従業者4人以上の事業所）_木材_現金給与総額","百万円","…","9745.0","9638.0","9463.0","8963.0","9759.0","9598.0","10181.0","10799.0","10912.0","10984.0","11427.0","11129.0","11311.0","11181.0","10591.0","10568.0","10044.0","9395.0","8960.0","8360.0","7339.0","6708.0","5985.0","5933.0","5429.0","5039.0","5111.0","4632.48","4060.0","3696.0","4482.0","4620.0","4934.0",""
"産業別集計表（従業者4人以上の事業所）_木材_原材料使用額等","百万円","…","52207.0","52239.0","49540.0","45734.0","47541.0","43609.0","45517.0","47456.0","52599.0","55928.0","52700.0","51786.0","52690.0","50075.0","46360.0","46675.0","43692.0","34120.0","29707.0","28658.0","25069.0","22614.0","20791.0","20494.0","18867.0","18164.0","21600.0","17503.58","14981.0","15570.0","16150.0","18165.0","19357.0",""
"産業別集計表（従業者4人以上の事業所）_木材_製造品出荷額等","百万円","…","74893.0","72401.0","70288.0","65979.0","70674.0","66376.0","71610.0","74882.0","80281.0","83944.0","79430.0","75493.0","79745.0","77227.0","71495.0","70702.0","67392.0","54623.0","50005.0","46547.0","42012.0","38790.0","35519.0","34497.0","31533.0","30385.0","34104.0","30714.21","25523.0","25141.0","31447.0","29831.0","31960.0",""
"産業別集計表（従業者4人以上の事業所）_木材_付加価値額","百万円","…","21715.0","19520.0","20046.0","19815.0","22747.0","22659.0","24711.0","26747.0","26548.0","26876.0","25417.0","22341.0","25398.0","25567.0","23943.0","22387.0","22029.0","19232.0","18691.0","16808.0","15938.0","15368.0","13860.0","13215.0","11898.0","11544.0","11843.0","12424.0","9786.0","8661.0","14315.0","10909.0","11631.0",""
"産業別集計表（従業者4人以上の事業所）_家具_事業所数","","…","427.0","406.0","394.0","367.0","362.0","364.0","372.0","368.0","356.0","360.0","345.0","334.0","321.0","307.0","293.0","290.0","279.0","254.0","249.0","233.0","237.0","202.0","202.0","180.0","177.0","155.0","135.0","141.0","118.0","106.0","132.0","118.0","108.0",""
"産業別集計表（従業者4人以上の事業所）_家具_従業者数","人","…","3940.0","3790.0","3708.0","3530.0","3316.0","3417.0","3529.0","3566.0","3662.0","3568.0","3385.0","3338.0","3201.0","3075.0","3090.0","3262.0","3112.0","2677.0","2573.0","2432.0","2426.0","2210.0","2199.0","2061.0","1915.0","1755.0","1560.0","1584.0","1358.0","1257.0","1419.0","1376.0","1343.0",""
"産業別集計表（従業者4人以上の事業所）_家具_現金給与総額","百万円","…","7737.0","7761.0","7868.0","7688.0","7871.0","8216.0","8516.0","8820.0","9552.0","9534.0","9932.0","10093.0","9548.0","9659.0","9729.0","10755.0","10918.0","8992.0","8406.0","8057.0","7507.0","6934.0","6461.0","6270.0","5871.0","5017.0","4348.0","4392.69","3682.0","3378.0","3707.0","4157.0","3772.0",""
"産業別集計表（従業者4人以上の事業所）_家具_原材料使用額等","百万円","…","22709.0","21208.0","21874.0","20094.0","20131.0","18854.0","21812.0","20911.0","23375.0","23699.0","23831.0","23630.0","22961.0","22532.0","25179.0","26425.0","27323.0","18888.0","17432.0","15980.0","16093.0","14518.0","14273.0","13024.0","12581.0","10620.0","10347.0","10566.32","8264.0","7960.0","9842.0","9892.0","10049.0",""
"産業別集計表（従業者4人以上の事業所）_家具_製造品出荷額等","百万円","…","39121.0","38200.0","38631.0","36645.0","36306.0","37470.0","38979.0","40909.0","44480.0","44929.0","46787.0","45335.0","43462.0","43095.0","47102.0","50465.0","51197.0","36198.0","32995.0","31430.0","31061.0","28598.0","26718.0","24899.0","24092.0","20932.0","19323.0","19444.31","14860.0","13872.0","17119.0","17424.0","17010.0",""
"産業別集計表（従業者4人以上の事業所）_家具_付加価値額","百万円","…","15874.0","16525.0","16346.0","16330.0","15742.0","18200.0","16757.0","20002.0","20409.0","19899.0","22041.0","20754.0","19308.0","19516.0","21042.0","22703.0","22429.0","16171.0","14533.0","14229.0","14064.0","13229.0","11651.0","11262.0","10874.0","9703.0","8420.0","8508.23","6228.0","5485.0","7001.0","7064.0","6635.0",""
"産業別集計表（従業者4人以上の事業所）_パルプ_事業所数","","…","70.0","70.0","67.0","65.0","64.0","66.0","61.0","61.0","61.0","58.0","55.0","54.0","56.0","54.0","52.0","57.0","52.0","58.0","59.0","53.0","51.0","52.0","53.0","50.0","50.0","45.0","38.0","40.0","40.0","40.0","41.0","40.0","38.0",""
"産業別集計表（従業者4人以上の事業所）_パルプ_従業者数","人","…","1694.0","1679.0","1568.0","1453.0","1522.0","1543.0","1407.0","1323.0","1257.0","1253.0","1236.0","1191.0","1123.0","1162.0","906.0","1046.0","988.0","904.0","1174.0","1038.0","1071.0","1000.0","1004.0","874.0","878.0","951.0","905.0","949.0","980.0","992.0","704.0","1138.0","998.0",""
"産業別集計表（従業者4人以上の事業所）_パルプ_現金給与総額","百万円","…","5464.0","5417.0","5119.0","4752.0","5638.0","5882.0","5260.0","5421.0","5209.0","5500.0","5383.0","5672.0","5940.0","5438.0","4074.0","4906.0","4725.0","3941.0","5176.0","4551.0","4384.0","3683.0","3769.0","3366.0","3168.0","3390.0","3332.0","2960.14","3218.0","3339.0","2512.0","3771.0","3475.0",""
"産業別集計表（従業者4人以上の事業所）_パルプ_原材料使用額等","百万円","…","20645.0","19908.0","19189.0","18111.0","19887.0","20482.0","16192.0","15426.0","15808.0","16296.0","17699.0","17148.0","15625.0","19279.0","15193.0","14491.0","14152.0","10715.0","14016.0","13679.0","12915.0","10336.0","10926.0","11112.0","11538.0","11820.0","13271.0","13280.1","14612.0","14652.0","12242.0","21018.0","22834.0",""
"産業別集計表（従業者4人以上の事業所）_パルプ_製造品出荷額等","百万円","…","29018.0","30888.0","28828.0","27292.0","30035.0","29148.0","25802.0","26251.0","26749.0","26017.0","28076.0","28097.0","25188.0","30534.0","21840.0","25881.0","26695.0","19375.0","25103.0","23753.0","22663.0","17752.0","18592.0","19022.0","19313.0","19654.0","22338.0","20485.49","21672.0","22024.0","20012.0","32603.0","34954.0",""
"産業別集計表（従業者4人以上の事業所）_パルプ_付加価値額","百万円","…","7456.0","10280.0","8968.0","8825.0","9599.0","8526.0","8371.0","10119.0","9694.0","9069.0","9983.0","9422.0","8232.0","9240.0","5305.0","9937.0","10739.0","7546.0","9212.0","8518.0","8175.0","6441.0","6713.0","6938.0","6892.0","6980.0","7990.0","6181.66","5993.0","6406.0","6932.0","10197.0","10685.0",""
"産業別集計表（従業者4人以上の事業所）_印刷_事業所数","","…","157.0","163.0","168.0","157.0","163.0","161.0","156.0","161.0","150.0","159.0","152.0","143.0","140.0","129.0","149.0","142.0","140.0","153.0","138.0","129.0","117.0","112.0","105.0","103.0","109.0","100.0","98.0","103.0","86.0","82.0","81.0","73.0","70.0",""
"産業別集計表（従業者4人以上の事業所）_印刷_従業者数","人","…","1755.0","1719.0","1716.0","1615.0","1672.0","1729.0","1616.0","1749.0","1706.0","1778.0","1759.0","1695.0","1715.0","1671.0","1861.0","1797.0","1815.0","1930.0","1625.0","1552.0","1388.0","1200.0","1089.0","1027.0","1050.0","1008.0","1057.0","1064.0","962.0","986.0","1607.0","1024.0","978.0",""
"産業別集計表（従業者4人以上の事業所）_印刷_現金給与総額","百万円","…","3705.0","3713.0","3927.0","3824.0","4128.0","4404.0","4197.0","4749.0","4974.0","5362.0","5681.0","5553.0","5827.0","5888.0","6617.0","6623.0","6921.0","7015.0","5940.0","5902.0","5114.0","4138.0","3745.0","3376.0","3281.0","3140.0","3296.0","3120.39","2918.0","2972.0","4297.0","3186.0","3151.0",""
"産業別集計表（従業者4人以上の事業所）_印刷_原材料使用額等","百万円","…","5362.0","5661.0","6081.0","6272.0","6307.0","6654.0","6083.0","6617.0","7249.0","8688.0","8338.0","8565.0","8133.0","8072.0","8380.0","8567.0","9060.0","9770.0","7901.0","7119.0","6830.0","5891.0","5069.0","4731.0","5035.0","4308.0","5170.0","5351.57","4917.0","5077.0","7121.0","4946.0","5247.0",""
"産業別集計表（従業者4人以上の事業所）_印刷_製造品出荷額等","百万円","…","12472.0","13013.0","14146.0","15180.0","14357.0","15142.0","14308.0","16224.0","17695.0","20487.0","20957.0","20856.0","20792.0","20292.0","21648.0","21381.0","22078.0","23308.0","19764.0","18439.0","16445.0","13339.0","12159.0","11010.0","11309.0","10326.0","11331.0","11400.02","11351.0","11518.0","17402.0","12184.0","12286.0",""
"産業別集計表（従業者4人以上の事業所）_印刷_付加価値額","百万円","…","6833.0","7068.0","7805.0","8639.0","7808.0","8170.0","7963.0","9361.0","10003.0","11014.0","11803.0","11388.0","11634.0","11238.0","12351.0","11974.0","12073.0","12500.0","11007.0","10530.0","8894.0","6914.0","6593.0","5802.0","5809.0","5601.0","5613.0","5533.54","5825.0","5637.0","9228.0","6636.0","6374.0",""
"産業別集計表（従業者4人以上の事業所）_化学_事業所数","","…","91.0","89.0","92.0","86.0","87.0","96.0","99.0","88.0","84.0","85.0","83.0","85.0","85.0","83.0","79.0","81.0","79.0","87.0","83.0","76.0","77.0","76.0","72.0","70.0","74.0","70.0","73.0","76.0","70.0","65.0","76.0","70.0","74.0",""
"産業別集計表（従業者4人以上の事業所）_化学_従業者数","人","…","5187.0","5153.0","5262.0","5060.0","5160.0","5535.0","5846.0","5378.0","5473.0","5415.0","5581.0","5388.0","5373.0","5200.0","4874.0","5140.0","5175.0","5144.0","4958.0","4727.0","4866.0","4955.0","4887.0","4905.0","4507.0","4387.0","4543.0","4870.0","4871.0","4806.0","4894.0","4876.0","4871.0",""
"産業別集計表（従業者4人以上の事業所）_化学_現金給与総額","百万円","…","18209.0","19002.0","20185.0","19921.0","21885.0","23743.0","24694.0","24915.0","25268.0","26576.0","27590.0","27910.0","29150.0","28845.0","27489.0","29915.0","30803.0","32712.0","30294.0","31041.0","29964.0","29138.0","28131.0","28972.0","27013.0","27888.0","27977.0","27875.06","26761.0","26780.0","28500.0","28503.0","27708.0",""
"産業別集計表（従業者4人以上の事業所）_化学_原材料使用額等","百万円","…","110541.0","108169.0","109397.0","116495.0","176651.0","130361.0","142358.0","139519.0","160369.0","175256.0","178348.0","171084.0","162428.0","153006.0","159663.0","158869.0","179446.0","154733.0","141674.0","160240.0","152031.0","145818.0","111749.0","116342.0","119437.0","126033.0","201006.0","156877.36","145834.0","147083.0","151376.0","145096.0","153682.0",""
"産業別集計表（従業者4人以上の事業所）_化学_製造品出荷額等","百万円","…","182443.0","189780.0","196708.0","208124.0","273425.0","230455.0","250578.0","262818.0","309345.0","343379.0","338697.0","341581.0","340517.0","331380.0","340133.0","344052.0","380763.0","361801.0","346152.0","369883.0","359647.0","369246.0","347847.0","354746.0","355055.0","299508.0","277944.0","288101.03","282237.0","301773.0","321445.0","312983.0","323057.0",""
"産業別集計表（従業者4人以上の事業所）_化学_付加価値額","百万円","…","66826.0","73863.0","82231.0","87468.0","84199.0","87485.0","94313.0","105925.0","129483.0","147238.0","138866.0","146683.0","152864.0","150463.0","163411.0","159529.0","172221.0","182799.0","176043.0","182069.0","183143.0","198125.0","211418.0","213650.0","218360.0","155407.0","62238.0","115911.45","115423.0","139616.0","157039.0","144811.0","150979.0",""
"産業別集計表（従業者4人以上の事業所）_石油_事業所数","","…","8.0","7.0","9.0","9.0","7.0","8.0","7.0","9.0","10.0","11.0","12.0","11.0","11.0","10.0","10.0","10.0","8.0","9.0","10.0","8.0","8.0","8.0","9.0","8.0","8.0","8.0","9.0","8.0","9.0","8.0","11.0","8.0","9.0",""
"産業別集計表（従業者4人以上の事業所）_石油_従業者数","人","…","3100.0","2920.0","2654.0","2452.0","2195.0","2038.0","1146.0","1279.0","1204.0","1181.0","1164.0","1184.0","1221.0","1229.0","1195.0","1186.0","1009.0","1082.0","938.0","900.0","862.0","827.0","779.0","746.0","739.0","713.0","849.0","920.0","920.0","923.0","1049.0","934.0","967.0",""
"産業別集計表（従業者4人以上の事業所）_石油_現金給与総額","百万円","…","15190.0","16180.0","13753.0","13256.0","12828.0","12199.0","8361.0","9498.0","9160.0","9249.0","8966.0","9366.0","9326.0","9860.0","9925.0","9854.0","9201.0","9358.0","11072.0","8461.0","7796.0","6907.0","6568.0","6349.0","6210.0","6199.0","6918.0","7211.44","7327.0","7158.0","7284.0","7205.0","6791.0",""
"産業別集計表（従業者4人以上の事業所）_石油_原材料使用額等","百万円","…","923472.0","904938.0","764260.0","749493.0","635200.0","297494.0","164836.0","204200.0","256337.0","326635.0","296064.0","221203.0","189912.0","196906.0","190270.0","250642.0","239880.0","183396.0","227937.0","290313.0","271893.0","244008.0","237047.0","332614.0","534109.0","569241.0","694525.0","641724.07","412173.0","491989.0","556398.0","597023.0","682023.0",""
"産業別集計表（従業者4人以上の事業所）_石油_製造品出荷額等","百万円","…","1076520.0","1047986.0","847995.0","888908.0","770508.0","480538.0","394777.0","364501.0","399372.0","447133.0","432262.0","364065.0","339945.0","321757.0","313367.0","388388.0","380271.0","334631.0","384970.0","474206.0","516027.0","412392.0","436636.0","526369.0","743632.0","731972.0","846493.0","768998.17","530690.0","712068.0","774298.0","775542.0","825772.0",""
"産業別集計表（従業者4人以上の事業所）_石油_付加価値額","百万円","…","96624.0","85145.0","33913.0","84232.0","67347.0","89367.0","137674.0","56023.0","32936.0","12901.0","21278.0","22639.0","51724.0","26691.0","30683.0","19854.0","11366.0","504.0","26027.0","65040.0","98512.0","47373.0","68168.0","55767.0","55827.0","24957.0","4841.0","36214.52","-2629.0","95156.0","120248.0","108476.0","70892.0",""
"産業別集計表（従業者4人以上の事業所）_プラ製品_事業所数","","…","…","…","…","…","139.0","147.0","143.0","148.0","142.0","157.0","147.0","142.0","146.0","135.0","132.0","123.0","111.0","125.0","119.0","121.0","106.0","100.0","102.0","93.0","104.0","96.0","94.0","104.0","90.0","89.0","97.0","91.0","93.0",""
"産業別集計表（従業者4人以上の事業所）_プラ製品_従業者数","人","…","…","…","…","…","2040.0","2156.0","2190.0","2347.0","2298.0","2636.0","2597.0","2557.0","2635.0","2571.0","2484.0","2486.0","2407.0","2475.0","2300.0","2323.0","2253.0","2182.0","2093.0","2020.0","2163.0","2163.0","2183.0","2161.0","1951.0","1842.0","1820.0","1763.0","1887.0",""
"産業別集計表（従業者4人以上の事業所）_プラ製品_現金給与総額","百万円","…","…","…","…","…","4473.0","4740.0","5590.0","5862.0","5884.0","6882.0","7755.0","7761.0","8426.0","8538.0","8316.0","8523.0","8424.0","8034.0","7461.0","7789.0","7358.0","7070.0","6700.0","6632.0","6914.0","6896.0","6688.0","6650.08","5979.0","5474.0","5577.0","5801.0","6099.0",""
"産業別集計表（従業者4人以上の事業所）_プラ製品_原材料使用額等","百万円","…","…","…","…","…","19597.0","21506.0","21452.0","24116.0","23955.0","27398.0","28246.0","27609.0","28306.0","27260.0","26139.0","27245.0","25842.0","24280.0","26054.0","28621.0","26356.0","26767.0","25773.0","24586.0","25980.0","30491.0","29977.0","27413.23","22935.0","23314.0","22897.0","21505.0","22902.0",""
"産業別集計表（従業者4人以上の事業所）_プラ製品_製造品出荷額等","百万円","…","…","…","…","…","31619.0","33853.0","35584.0","38568.0","39822.0","45560.0","48468.0","47465.0","49806.0","47641.0","47042.0","49843.0","48177.0","45430.0","46825.0","50390.0","45245.0","46100.0","45110.0","44025.0","47703.0","51020.0","48626.0","49410.19","48978.0","48887.0","46232.0","40316.0","41303.0",""
"産業別集計表（従業者4人以上の事業所）_プラ製品_付加価値額","百万円","…","…","…","…","…","11874.0","11951.0","13492.0","13937.0","14995.0","17282.0","19717.0","18736.0","20131.0","18589.0","19051.0","20875.0","20319.0","19120.0","18487.0","18484.0","16943.0","17581.0","17585.0","17734.0","20156.0","19592.0","17318.0","19797.49","24502.0","22850.0","20938.0","17109.0","16954.0",""
"産業別集計表（従業者4人以上の事業所）_ゴム製品_事業所数","","…","14.0","11.0","14.0","12.0","12.0","12.0","12.0","16.0","15.0","19.0","19.0","19.0","19.0","16.0","13.0","14.0","16.0","21.0","23.0","22.0","23.0","23.0","20.0","20.0","19.0","19.0","19.0","19.0","18.0","18.0","18.0","18.0","17.0",""
"産業別集計表（従業者4人以上の事業所）_ゴム製品_従業者数","人","…","213.0","187.0","215.0","271.0","289.0","320.0","342.0","801.0","688.0","879.0","953.0","934.0","966.0","847.0","896.0","858.0","916.0","1026.0","1119.0","1203.0","953.0","941.0","936.0","845.0","858.0","937.0","1254.0","1177.0","971.0","1041.0","1101.0","954.0","883.0",""
"産業別集計表（従業者4人以上の事業所）_ゴム製品_現金給与総額","百万円","…","406.0","363.0","402.0","597.0","608.0","692.0","708.0","3016.0","3003.0","3328.0","4155.0","3937.0","4196.0","3903.0","4641.0","4536.0","4453.0","5152.0","4519.0","5152.0","4310.0","4609.0","3526.0","2984.0","2936.0","2980.0","3935.0","4100.42","3157.0","3429.0","4152.0","3172.0","2922.0",""
"産業別集計表（従業者4人以上の事業所）_ゴム製品_原材料使用額等","百万円","…","326.0","305.0","476.0","510.0","631.0","668.0","898.0","8108.0","8955.0","9742.0","10683.0","9307.0","8318.0","7527.0","7461.0","7216.0","6863.0","8218.0","8171.0","9241.0","6138.0","5892.0","6677.0","7106.0","7032.0","7786.0","10569.0","9784.31","7203.0","8330.0","8736.0","8462.0","7861.0",""
"産業別集計表（従業者4人以上の事業所）_ゴム製品_製造品出荷額等","百万円","…","1095.0","916.0","1228.0","1796.0","1920.0","1763.0","2278.0","16278.0","18181.0","20102.0","21801.0","19661.0","19128.0","17788.0","19230.0","17634.0","16489.0","22668.0","22992.0","24459.0","15783.0","15727.0","17190.0","18590.0","19206.0","21240.0","22176.0","22082.53","16646.0","19957.0","18894.0","20238.0","16854.0",""
"産業別集計表（従業者4人以上の事業所）_ゴム製品_付加価値額","百万円","…","759.0","604.0","743.0","1232.0","1223.0","998.0","1289.0","7722.0","8588.0","9679.0","10103.0","9284.0","9133.0","9096.0","10447.0","9102.0","8632.0","13047.0","13553.0","14065.0","8416.0","8665.0","9103.0","10383.0","11008.0","12173.0","10249.0","11037.57","7850.0","10556.0","9327.0","10667.0","7929.0",""
"産業別集計表（従業者4人以上の事業所）_皮革_事業所数","","…","77.0","72.0","65.0","66.0","58.0","48.0","46.0","51.0","47.0","46.0","39.0","37.0","37.0","33.0","34.0","36.0","35.0","32.0","29.0","23.0","24.0","15.0","16.0","15.0","17.0","15.0","14.0","12.0","10.0","9.0","14.0","12.0","11.0",""
"産業別集計表（従業者4人以上の事業所）_皮革_従業者数","人","…","1121.0","1071.0","939.0","987.0","969.0","858.0","775.0","758.0","711.0","692.0","685.0","590.0","560.0","507.0","537.0","528.0","447.0","406.0","369.0","275.0","239.0","160.0","169.0","186.0","186.0","175.0","173.0","160.0","128.0","136.0","136.0","113.0","110.0",""
"産業別集計表（従業者4人以上の事業所）_皮革_現金給与総額","百万円","…","2224.0","2235.0","2096.0","2092.0","2178.0","1906.0","1610.0","1545.0","1502.0","1594.0","1593.0","1569.0","1541.0","1370.0","1336.0","1351.0","1168.0","962.0","853.0","648.0","540.0","396.0","419.0","417.0","425.0","485.0","510.0","460.76","423.0","398.0","324.0","409.0","417.0",""
"産業別集計表（従業者4人以上の事業所）_皮革_原材料使用額等","百万円","…","11349.0","10831.0","10109.0","9705.0","10764.0","8207.0","5981.0","7143.0","6218.0","7157.0","6616.0","5754.0","5021.0","4806.0","5020.0","4827.0","4299.0","3302.0","2849.0","1975.0","1574.0","827.0","847.0","1024.0","1178.0","1186.0","1161.0","1138.51","952.0","733.0","912.0","890.0","887.0",""
"産業別集計表（従業者4人以上の事業所）_皮革_製造品出荷額等","百万円","…","15966.0","15133.0","13966.0","13545.0","14958.0","12204.0","9252.0","10299.0","9569.0","10935.0","10682.0","8756.0","7885.0","7259.0","7424.0","7413.0","6759.0","5084.0","4463.0","3247.0","2649.0","1691.0","1718.0","1970.0","2166.0","2408.0","2231.0","2087.35","1658.0","1416.0","1520.0","1522.0","1538.0",""
"産業別集計表（従業者4人以上の事業所）_皮革_付加価値額","百万円","…","4262.0","4328.0","3426.0","3915.0","3822.0","3739.0","3004.0","3225.0","3168.0","3630.0","3860.0","2737.0","2736.0","2300.0","2234.0","2630.0","2327.0","1508.0","1501.0","1127.0","1051.0","814.0","821.0","867.0","968.0","1147.0","994.0","896.1","677.0","611.0","555.0","601.0","649.0",""
"産業別集計表（従業者4人以上の事業所）_窯業_事業所数","","…","146.0","149.0","149.0","142.0","143.0","147.0","143.0","148.0","146.0","149.0","146.0","150.0","144.0","139.0","146.0","134.0","129.0","144.0","138.0","141.0","139.0","136.0","134.0","123.0","115.0","106.0","101.0","98.0","93.0","90.0","99.0","94.0","89.0",""
"産業別集計表（従業者4人以上の事業所）_窯業_従業者数","人","…","3108.0","2935.0","2712.0","2676.0","2533.0","2491.0","2491.0","2556.0","2530.0","2555.0","2430.0","2594.0","2446.0","2453.0","2502.0","2420.0","2424.0","2445.0","2332.0","2291.0","2086.0","1988.0","1902.0","1714.0","1616.0","1508.0","1407.0","1313.0","1200.0","1205.0","1382.0","1463.0","1423.0",""
"産業別集計表（従業者4人以上の事業所）_窯業_現金給与総額","百万円","…","8048.0","7686.0","7069.0","7314.0","7730.0","7566.0","7590.0","8241.0","8870.0","9164.0","9141.0","9994.0","9842.0","10136.0","10348.0","10496.0","10252.0","10265.0","10140.0","9804.0","8946.0","8048.0","7287.0","6495.0","6018.0","5436.0","5082.0","4853.58","4263.0","4253.0","5363.0","5884.0","5786.0",""
"産業別集計表（従業者4人以上の事業所）_窯業_原材料使用額等","百万円","…","31663.0","30973.0","29137.0","26130.0","22746.0","22077.0","21038.0","23888.0","24255.0","27233.0","28690.0","32363.0","29589.0","30197.0","28830.0","26657.0","26936.0","25641.0","25104.0","24715.0","21497.0","18458.0","18208.0","17517.0","16863.0","16240.0","18979.0","18731.8","15563.0","17863.0","24600.0","26732.0","28214.0",""
"産業別集計表（従業者4人以上の事業所）_窯業_製造品出荷額等","百万円","…","57845.0","54857.0","51565.0","46525.0","42815.0","41838.0","40231.0","45796.0","48372.0","52859.0","55221.0","58248.0","59434.0","59780.0","58592.0","57133.0","52993.0","50268.0","50695.0","48545.0","42896.0","38729.0","36026.0","33418.0","32497.0","30212.0","33762.0","31595.98","27483.0","31078.0","46608.0","47500.0","52170.0",""
"産業別集計表（従業者4人以上の事業所）_窯業_付加価値額","百万円","…","24979.0","22286.0","20404.0","19152.0","17929.0","18583.0","18560.0","20036.0","21990.0","23807.0","24269.0","23962.0","25981.0","26713.0","26133.0","27074.0","23652.0","21464.0","21658.0","20677.0","19698.0","18670.0","16462.0","14756.0","14499.0","13021.0","13896.0","12067.3","10954.0","12206.0","21216.0","19601.0","21638.0",""
"産業別集計表（従業者4人以上の事業所）_鉄鋼_事業所数","","…","54.0","53.0","44.0","43.0","46.0","50.0","45.0","44.0","39.0","41.0","39.0","34.0","36.0","33.0","32.0","34.0","34.0","38.0","34.0","34.0","37.0","32.0","40.0","32.0","38.0","38.0","33.0","39.0","35.0","35.0","44.0","37.0","37.0",""
"産業別集計表（従業者4人以上の事業所）_鉄鋼_従業者数","人","…","12667.0","12731.0","13082.0","12441.0","12187.0","10658.0","9955.0","9041.0","7950.0","7694.0","7706.0","7442.0","7281.0","6943.0","6244.0","5521.0","4537.0","4339.0","3946.0","3476.0","3027.0","2847.0","2795.0","3044.0","3207.0","3262.0","3407.0","3493.0","3558.0","3441.0","3818.0","3856.0","3710.0",""
"産業別集計表（従業者4人以上の事業所）_鉄鋼_現金給与総額","百万円","…","53293.0","58249.0","60866.0","56514.0","62554.0","54987.0","51814.0","51219.0","47973.0","47931.0","46865.0","45985.0","46877.0","46353.0","60248.0","45553.0","36095.0","31463.0","30904.0","35674.0","29028.0","19954.0","17213.0","20915.0","22495.0","22700.0","24948.0","26798.82","26059.0","24375.0","24317.0","23683.0","22364.0",""
"産業別集計表（従業者4人以上の事業所）_鉄鋼_原材料使用額等","百万円","…","370239.0","373146.0","305954.0","328270.0","370026.0","288183.0","263305.0","293090.0","362499.0","369940.0","362802.0","257972.0","199999.0","151444.0","186108.0","143301.0","158474.0","143181.0","118782.0","127140.0","122207.0","120017.0","119505.0","301570.0","396080.0","470425.0","655919.0","805372.72","482300.0","534670.0","659855.0","613000.0","649573.0",""
"産業別集計表（従業者4人以上の事業所）_鉄鋼_製造品出荷額等","百万円","…","726817.0","752979.0","500744.0","551719.0","610844.0","452362.0","404159.0","493272.0","529009.0","524733.0","533749.0","402609.0","365416.0","323017.0","368366.0","322666.0","360717.0","321304.0","243218.0","263928.0","268887.0","271599.0","289323.0","528226.0","757133.0","888089.0","996137.0","1132344.63","686546.0","706415.0","841219.0","813579.0","846093.0",""
"産業別集計表（従業者4人以上の事業所）_鉄鋼_付加価値額","百万円","…","321512.0","329844.0","161082.0","188873.0","209316.0","115074.0","106194.0","150516.0","126749.0","118926.0","130711.0","111032.0","133520.0","133136.0","144480.0","142116.0","158387.0","136114.0","82148.0","98476.0","119361.0","123234.0","150045.0","190510.0","342556.0","386578.0","323468.0","311127.76","140482.0","126090.0","150130.0","172808.0","187521.0",""
"産業別集計表（従業者4人以上の事業所）_非鉄_事業所数","","…","6.0","5.0","5.0","5.0","4.0","5.0","5.0","5.0","3.0","4.0","4.0","4.0","4.0","4.0","3.0","3.0","2.0","7.0","7.0","6.0","6.0","7.0","8.0","5.0","7.0","8.0","10.0","9.0","9.0","9.0","12.0","9.0","9.0",""
"産業別集計表（従業者4人以上の事業所）_非鉄_従業者数","人","…","537.0","519.0","510.0","448.0","423.0","470.0","415.0","42.0","36.0","45.0","43.0","55.0","237.0","222.0","55.0","70.0","x","181.0","180.0","308.0","262.0","315.0","x","151.0","292.0","349.0","611.0","641.0","568.0","544.0","528.0","372.0","497.0",""
"産業別集計表（従業者4人以上の事業所）_非鉄_現金給与総額","百万円","…","2134.0","2284.0","2304.0","2151.0","2269.0","2363.0","2391.0","128.0","130.0","158.0","171.0","170.0","794.0","645.0","173.0","223.0","x","848.0","841.0","1266.0","1037.0","1178.0","x","633.0","1015.0","1160.0","2552.0","2854.0","2622.0","2278.0","2362.0","1597.0","1932.0",""
"産業別集計表（従業者4人以上の事業所）_非鉄_原材料使用額等","百万円","…","8937.0","9372.0","8519.0","8807.0","8685.0","7128.0","6131.0","452.0","801.0","888.0","895.0","931.0","1368.0","1584.0","1193.0","1347.0","x","3696.0","3413.0","3396.0","3520.0","2968.0","x","2164.0","2368.0","4698.0","17497.0","17647.0","10865.0","17213.0","31099.0","12537.0","18097.0",""
"産業別集計表（従業者4人以上の事業所）_非鉄_製造品出荷額等","百万円","…","14837.0","13811.0","17332.0","14989.0","15562.0","13156.0","12256.0","855.0","1258.0","1416.0","1405.0","1455.0","3162.0","3009.0","1481.0","1639.0","x","5848.0","5636.0","6410.0","6085.0","5503.0","x","4411.0","4759.0","8851.0","31329.0","32394.0","15109.0","22185.0","38143.0","21235.0","22699.0",""
"産業別集計表（従業者4人以上の事業所）_非鉄_付加価値額","百万円","…","5359.0","4270.0","8413.0","5556.0","6707.0","5652.0","5739.0","385.0","429.0","494.0","477.0","504.0","1670.0","1243.0","172.0","138.0","x","2116.0","1895.0","2590.0","2138.0","2045.0","x","1753.0","1947.0","4362.0","11346.0","12908.0","4775.0","2624.0","4691.0","7814.0","3952.0",""
"産業別集計表（従業者4人以上の事業所）_金属_事業所数","","…","223.0","214.0","210.0","189.0","191.0","204.0","192.0","215.0","205.0","229.0","218.0","207.0","220.0","206.0","216.0","203.0","201.0","219.0","207.0","200.0","198.0","178.0","179.0","166.0","181.0","172.0","165.0","164.0","168.0","159.0","181.0","177.0","168.0",""
"産業別集計表（従業者4人以上の事業所）_金属_従業者数","人","…","3111.0","2957.0","2850.0","2876.0","2946.0","3100.0","2945.0","3259.0","3202.0","3406.0","3521.0","3649.0","4006.0","3858.0","3863.0","3770.0","4066.0","4018.0","3680.0","3641.0","3937.0","3553.0","3569.0","3223.0","3300.0","3273.0","3460.0","3456.0","3359.0","3272.0","3607.0","3676.0","3432.0",""
"産業別集計表（従業者4人以上の事業所）_金属_現金給与総額","百万円","…","7363.0","7349.0","7225.0","7595.0","8600.0","9504.0","9000.0","10073.0","10376.0","11364.0","12538.0","14269.0","16555.0","17189.0","16768.0","16465.0","17461.0","17104.0","15429.0","14919.0","14954.0","14144.0","13452.0","13465.0","14551.0","12910.0","13346.0","13452.0","12918.0","12182.0","13837.0","14038.0","12925.0",""
"産業別集計表（従業者4人以上の事業所）_金属_原材料使用額等","百万円","…","21366.0","20367.0","20810.0","23921.0","23734.0","24882.0","23051.0","27564.0","29023.0","32979.0","33639.0","38612.0","47111.0","37312.0","36532.0","37620.0","39565.0","36710.0","34160.0","30256.0","31601.0","28469.0","30054.0","29132.0","33726.0","33390.0","40676.0","46430.64","40704.0","38575.0","40418.0","44952.0","44084.0",""
"産業別集計表（従業者4人以上の事業所）_金属_製造品出荷額等","百万円","…","39252.0","37693.0","37973.0","43127.0","46459.0","51692.0","49773.0","56081.0","58846.0","66678.0","69572.0","81733.0","102320.0","93989.0","95742.0","97604.0","97560.0","91308.0","94058.0","84812.0","86104.0","79815.0","75540.0","78539.0","74393.0","75733.0","79068.0","90196.46","88691.0","90313.0","88214.0","92263.0","82637.0",""
"産業別集計表（従業者4人以上の事業所）_金属_付加価値額","百万円","…","17234.0","16332.0","16481.0","18422.0","22904.0","24752.0","25801.0","28096.0","28102.0","31554.0","33798.0","40584.0","57102.0","54219.0","50183.0","55264.0","55172.0","53203.0","52356.0","51107.0","51116.0","47440.0","43031.0","42460.0","38327.0","37074.0","38991.0","38156.23","44053.0","45113.0","44391.0","43717.0","36064.0",""
"産業別集計表（従業者4人以上の事業所）_はん用機械_事業所数","","…","…","…","…","…","…","…","…","…","…","…","…","…","…","…","…","…","…","…","…","…","…","…","…","…","…","…","…","54.0","44.0","47.0","53.0","54.0","54.0",""
"産業別集計表（従業者4人以上の事業所）_はん用機械_従業者数","人","…","…","…","…","…","…","…","…","…","…","…","…","…","…","…","…","…","…","…","…","…","…","…","…","…","…","…","…","2575.0","2392.0","2532.0","2614.0","2950.0","3113.0",""
"産業別集計表（従業者4人以上の事業所）_はん用機械_現金給与総額","百万円","…","…","…","…","…","…","…","…","…","…","…","…","…","…","…","…","…","…","…","…","…","…","…","…","…","…","…","…","12873.83","11901.0","11694.0","12446.0","13125.0","14140.0",""
"産業別集計表（従業者4人以上の事業所）_はん用機械_原材料使用額等","百万円","…","…","…","…","…","…","…","…","…","…","…","…","…","…","…","…","…","…","…","…","…","…","…","…","…","…","…","…","66935.21","51142.0","56703.0","63141.0","68658.0","65472.0",""
"産業別集計表（従業者4人以上の事業所）_はん用機械_製造品出荷額等","百万円","…","…","…","…","…","…","…","…","…","…","…","…","…","…","…","…","…","…","…","…","…","…","…","…","…","…","…","…","217572.64","186361.0","208635.0","200247.0","205258.0","207109.0",""
"産業別集計表（従業者4人以上の事業所）_はん用機械_付加価値額","百万円","…","…","…","…","…","…","…","…","…","…","…","…","…","…","…","…","…","…","…","…","…","…","…","…","…","…","…","…","141630.79","124369.0","142360.0","130676.0","129948.0","130118.0",""
"産業別集計表（従業者4人以上の事業所）_生産用機械_事業所数","","…","…","…","…","…","…","…","…","…","…","…","…","…","…","…","…","…","…","…","…","…","…","…","…","…","…","…","…","114.0","102.0","103.0","108.0","105.0","113.0",""
"産業別集計表（従業者4人以上の事業所）_生産用機械_従業者数","人","…","…","…","…","…","…","…","…","…","…","…","…","…","…","…","…","…","…","…","…","…","…","…","…","…","…","…","…","3940.0","3591.0","3727.0","3726.0","3895.0","4129.0",""
"産業別集計表（従業者4人以上の事業所）_生産用機械_現金給与総額","百万円","…","…","…","…","…","…","…","…","…","…","…","…","…","…","…","…","…","…","…","…","…","…","…","…","…","…","…","…","19973.56","16303.0","17924.0","16647.0","18592.0","19997.0",""
"産業別集計表（従業者4人以上の事業所）_生産用機械_原材料使用額等","百万円","…","…","…","…","…","…","…","…","…","…","…","…","…","…","…","…","…","…","…","…","…","…","…","…","…","…","…","…","51739.77","37108.0","40787.0","42541.0","42007.0","48645.0",""
"産業別集計表（従業者4人以上の事業所）_生産用機械_製造品出荷額等","百万円","…","…","…","…","…","…","…","…","…","…","…","…","…","…","…","…","…","…","…","…","…","…","…","…","…","…","…","…","105601.59","73782.0","79885.0","85220.0","81512.0","96008.0",""
"産業別集計表（従業者4人以上の事業所）_生産用機械_付加価値額","百万円","…","…","…","…","…","…","…","…","…","…","…","…","…","…","…","…","…","…","…","…","…","…","…","…","…","…","…","…","52228.37","33043.0","39768.0","41383.0","35666.0","43304.0",""
"産業別集計表（従業者4人以上の事業所）_業務用機械_事業所数","","…","…","…","…","…","…","…","…","…","…","…","…","…","…","…","…","…","…","…","…","…","…","…","…","…","…","…","…","22.0","15.0","14.0","16.0","13.0","10.0",""
"産業別集計表（従業者4人以上の事業所）_業務用機械_従業者数","人","…","…","…","…","…","…","…","…","…","…","…","…","…","…","…","…","…","…","…","…","…","…","…","…","…","…","…","…","2078.0","1788.0","1351.0","1196.0","1014.0","927.0",""
"産業別集計表（従業者4人以上の事業所）_業務用機械_現金給与総額","百万円","…","…","…","…","…","…","…","…","…","…","…","…","…","…","…","…","…","…","…","…","…","…","…","…","…","…","…","…","9939.6","8370.0","8248.0","5804.0","5564.0","3703.0",""
"産業別集計表（従業者4人以上の事業所）_業務用機械_原材料使用額等","百万円","…","…","…","…","…","…","…","…","…","…","…","…","…","…","…","…","…","…","…","…","…","…","…","…","…","…","…","…","26038.11","28425.0","13454.0","7046.0","6084.0","4913.0",""
"産業別集計表（従業者4人以上の事業所）_業務用機械_製造品出荷額等","百万円","…","…","…","…","…","…","…","…","…","…","…","…","…","…","…","…","…","…","…","…","…","…","…","…","…","…","…","…","52349.46","38951.0","28512.0","18089.0","14557.0","15951.0",""
"産業別集計表（従業者4人以上の事業所）_業務用機械_付加価値額","百万円","…","…","…","…","…","…","…","…","…","…","…","…","…","…","…","…","…","…","…","…","…","…","…","…","…","…","…","…","24343.23","7987.0","14362.0","10132.0","7889.0","9661.0",""
"産業別集計表（従業者4人以上の事業所）_一般機械_事業所数","","…","212.0","204.0","212.0","202.0","217.0","219.0","210.0","201.0","211.0","229.0","225.0","227.0","225.0","206.0","212.0","197.0","195.0","212.0","198.0","204.0","189.0","181.0","185.0","183.0","175.0","173.0","172.0","…","…","…","…","…","…",""
"産業別集計表（従業者4人以上の事業所）_一般機械_従業者数","人","…","4767.0","4599.0","4619.0","4608.0","4937.0","4860.0","4853.0","4908.0","5408.0","6224.0","6573.0","7031.0","6596.0","6055.0","6127.0","6047.0","5994.0","6329.0","6038.0","6330.0","6047.0","5907.0","6023.0","6266.0","6496.0","6601.0","6970.0","…","…","…","…","…","…",""
"産業別集計表（従業者4人以上の事業所）_一般機械_現金給与総額","百万円","…","14245.0","14851.0","14742.0","15806.0","18101.0","17940.0","18938.0","19278.0","22238.0","26000.0","28218.0","31176.0","29611.0","28028.0","28323.0","29583.0","29318.0","31062.0","28994.0","29749.0","29054.0","28341.0","28449.0","30315.0","31877.0","31768.0","34126.0","…","…","…","…","…","…",""
"産業別集計表（従業者4人以上の事業所）_一般機械_原材料使用額等","百万円","…","43542.0","42552.0","45197.0","54317.0","62691.0","61734.0","62262.0","74879.0","79529.0","94057.0","110174.0","110233.0","94735.0","86954.0","89898.0","94349.0","97264.0","94863.0","82870.0","90088.0","85049.0","83092.0","86716.0","94396.0","99135.0","103596.0","122396.0","…","…","…","…","…","…",""
"産業別集計表（従業者4人以上の事業所）_一般機械_製造品出荷額等","百万円","…","82009.0","84731.0","91042.0","102087.0","115644.0","119234.0","126978.0","141621.0","150530.0","187626.0","207847.0","210315.0","205332.0","186829.0","198164.0","205753.0","206893.0","210455.0","188303.0","207593.0","205561.0","205750.0","222839.0","240284.0","248481.0","268762.0","329485.0","…","…","…","…","…","…",""
"産業別集計表（従業者4人以上の事業所）_一般機械_付加価値額","百万円","…","36524.0","43453.0","43517.0","45061.0","53254.0","49459.0","60134.0","64124.0","67359.0","87379.0","96608.0","93446.0","102746.0","94917.0","101753.0","104942.0","103101.0","106466.0","99648.0","108974.0","111615.0","113948.0","128783.0","137298.0","143558.0","158108.0","194261.0","…","…","…","…","…","…",""
"産業別集計表（従業者4人以上の事業所）_電子・デバイス_事業所数","","…","…","…","…","…","…","…","…","…","…","…","…","…","…","…","…","…","…","…","…","…","…","13.0","13.0","14.0","14.0","13.0","15.0","14.0","15.0","15.0","14.0","13.0","10.0",""
"産業別集計表（従業者4人以上の事業所）_電子・デバイス_従業者数","人","…","…","…","…","…","…","…","…","…","…","…","…","…","…","…","…","…","…","…","…","…","…","907.0","884.0","1098.0","1052.0","1107.0","1215.0","999.0","994.0","1064.0","960.0","959.0","925.0",""
"産業別集計表（従業者4人以上の事業所）_電子・デバイス_現金給与総額","百万円","…","…","…","…","…","…","…","…","…","…","…","…","…","…","…","…","…","…","…","…","…","…","3307.0","3171.0","4058.0","3974.0","4109.0","4347.0","3880.92","3381.0","3592.0","3755.0","3476.0","3472.0",""
"産業別集計表（従業者4人以上の事業所）_電子・デバイス_原材料使用額等","百万円","…","…","…","…","…","…","…","…","…","…","…","…","…","…","…","…","…","…","…","…","…","…","11653.0","11435.0","14512.0","13605.0","12156.0","15966.0","13568.63","5923.0","6124.0","6027.0","4899.0","4562.0",""
"産業別集計表（従業者4人以上の事業所）_電子・デバイス_製造品出荷額等","百万円","…","…","…","…","…","…","…","…","…","…","…","…","…","…","…","…","…","…","…","…","…","…","17502.0","17951.0","23530.0","22238.0","20411.0","24646.0","21451.02","12263.0","13886.0","14022.0","11092.0","11396.0",""
"産業別集計表（従業者4人以上の事業所）_電子・デバイス_付加価値額","百万円","…","…","…","…","…","…","…","…","…","…","…","…","…","…","…","…","…","…","…","…","…","…","5185.0","5996.0","8338.0","8025.0","7546.0","8024.0","6818.9","5307.0","6468.0","6826.0","5477.0","5882.0",""
"産業別集計表（従業者4人以上の事業所）_電気機械_事業所数","","…","33.0","35.0","32.0","32.0","41.0","49.0","45.0","47.0","47.0","50.0","55.0","57.0","51.0","47.0","47.0","41.0","41.0","47.0","47.0","50.0","47.0","28.0","27.0","28.0","26.0","23.0","24.0","28.0","25.0","30.0","42.0","38.0","37.0",""
"産業別集計表（従業者4人以上の事業所）_電気機械_従業者数","人","…","699.0","744.0","793.0","940.0","1085.0","1434.0","1312.0","1303.0","1351.0","1757.0","2011.0","2503.0","2306.0","2266.0","2387.0","2148.0","2226.0","2205.0","2172.0","2561.0","2196.0","897.0","808.0","940.0","911.0","883.0","1268.0","1507.0","1129.0","1484.0","1654.0","1246.0","1344.0",""
"産業別集計表（従業者4人以上の事業所）_電気機械_現金給与総額","百万円","…","1225.0","1460.0","1643.0","1695.0","2217.0","3303.0","2751.0","2818.0","2857.0","4039.0","5169.0","7693.0","7689.0","7729.0","8882.0","8018.0","8103.0","8615.0","8207.0","9284.0","8698.0","3449.0","2857.0","3148.0","2927.0","2091.0","4812.0","5225.05","3771.0","6409.0","6811.0","4081.0","4071.0",""
"産業別集計表（従業者4人以上の事業所）_電気機械_原材料使用額等","百万円","…","3272.0","3690.0","4931.0","4636.0","7019.0","9439.0","7609.0","6888.0","8171.0","10294.0","14523.0","28784.0","26669.0","37092.0","42624.0","38274.0","44013.0","43045.0","47272.0","54180.0","45223.0","22357.0","6448.0","6620.0","7019.0","4197.0","13585.0","35759.77","24087.0","27361.0","30468.0","10629.0","6591.0",""
"産業別集計表（従業者4人以上の事業所）_電気機械_製造品出荷額等","百万円","…","5727.0","6551.0","8317.0","8244.0","11767.0","21629.0","18478.0","12808.0","13779.0","18908.0","24856.0","48702.0","47107.0","54580.0","61606.0","59526.0","65055.0","64223.0","72926.0","77157.0","61886.0","29245.0","11086.0","14789.0","14696.0","11380.0","24206.0","50835.27","38035.0","43030.0","43325.0","21721.0","15399.0",""
"産業別集計表（従業者4人以上の事業所）_電気機械_付加価値額","百万円","…","2404.0","2820.0","3251.0","3530.0","4687.0","11901.0","10586.0","5699.0","5323.0","8193.0","9837.0","18887.0","18031.0","15854.0","17185.0","17675.0","18209.0","18025.0","23277.0","18342.0","14069.0","4495.0","4526.0","7227.0","6592.0","6555.0","10288.0","12203.5","12811.0","14253.0","12572.0","6897.0","8114.0",""
"産業別集計表（従業者4人以上の事業所）_情報通信機械_事業所数","","…","…","…","…","…","…","…","…","…","…","…","…","…","…","…","…","…","…","…","…","…","…","1.0","1.0","3.0","2.0","2.0","1.0","3.0","4.0","4.0","3.0","3.0","4.0",""
"産業別集計表（従業者4人以上の事業所）_情報通信機械_従業者数","人","…","…","…","…","…","…","…","…","…","…","…","…","…","…","…","…","…","…","…","…","…","…","x","x","274.0","330.0","297.0","354.0","386.0","445.0","439.0","330.0","332.0","325.0",""
"産業別集計表（従業者4人以上の事業所）_情報通信機械_現金給与総額","百万円","…","…","…","…","…","…","…","…","…","…","…","…","…","…","…","…","…","…","…","…","…","…","x","x","1012.0","x","x","x","1424.0","1863.0","1835.0","1141.0","1122.0","1198.0",""
"産業別集計表（従業者4人以上の事業所）_情報通信機械_原材料使用額等","百万円","…","…","…","…","…","…","…","…","…","…","…","…","…","…","…","…","…","…","…","…","…","…","x","x","532.0","x","x","x","602.0","1837.0","2310.0","326.0","439.0","483.0",""
"産業別集計表（従業者4人以上の事業所）_情報通信機械_製造品出荷額等","百万円","…","…","…","…","…","…","…","…","…","…","…","…","…","…","…","…","…","…","…","…","…","…","x","x","2630.0","x","x","x","3571.0","5540.0","6163.0","2461.0","2548.0","2631.0",""
"産業別集計表（従業者4人以上の事業所）_情報通信機械_付加価値額","百万円","…","…","…","…","…","…","…","…","…","…","…","…","…","…","…","…","…","…","…","…","…","…","x","x","1998.0","x","x","x","2643.0","3167.0","3462.0","1973.0","1833.0","1886.0",""
"産業別集計表（従業者4人以上の事業所）_輸送機械_事業所数","","…","49.0","58.0","55.0","50.0","44.0","49.0","45.0","46.0","41.0","45.0","37.0","31.0","38.0","35.0","35.0","34.0","34.0","39.0","33.0","32.0","32.0","28.0","27.0","26.0","24.0","23.0","24.0","23.0","21.0","24.0","27.0","28.0","21.0",""
"産業別集計表（従業者4人以上の事業所）_輸送機械_従業者数","人","…","1039.0","1126.0","1043.0","961.0","847.0","784.0","779.0","727.0","707.0","784.0","771.0","699.0","607.0","571.0","763.0","748.0","743.0","777.0","653.0","507.0","491.0","470.0","519.0","676.0","576.0","596.0","691.0","701.0","613.0","660.0","677.0","684.0","634.0",""
"産業別集計表（従業者4人以上の事業所）_輸送機械_現金給与総額","百万円","…","3026.0","3377.0","3321.0","3068.0","3031.0","3133.0","2680.0","3565.0","2493.0","2993.0","3351.0","3047.0","2794.0","2794.0","3373.0","3682.0","3431.0","3777.0","2454.0","2173.0","2099.0","1967.0","2121.0","2702.0","2398.0","2409.0","2719.0","2876.81","2264.0","2341.0","2653.0","2787.0","2522.0",""
"産業別集計表（従業者4人以上の事業所）_輸送機械_原材料使用額等","百万円","…","9969.0","8516.0","7644.0","5742.0","5070.0","5185.0","4403.0","4457.0","3018.0","6457.0","6899.0","10289.0","8294.0","6925.0","7818.0","6773.0","7808.0","6489.0","4757.0","4714.0","4098.0","3979.0","4061.0","3817.0","3084.0","3634.0","3779.0","4515.8","3526.0","3811.0","4672.0","4208.0","3837.0",""
"産業別集計表（従業者4人以上の事業所）_輸送機械_製造品出荷額等","百万円","…","23299.0","20802.0","16768.0","13166.0","10689.0","11038.0","9514.0","10534.0","7820.0","12528.0","14416.0","18261.0","12746.0","10553.0","12302.0","12419.0","14732.0","12232.0","10794.0","9523.0","8597.0","8358.0","8648.0","10848.0","11176.0","11366.0","14343.0","15757.25","11693.0","11678.0","14962.0","11605.0","11309.0",""
"産業別集計表（従業者4人以上の事業所）_輸送機械_付加価値額","百万円","…","12701.0","10439.0","9323.0","6695.0","5544.0","5454.0","4751.0","5870.0","4504.0","5931.0","8808.0","5604.0","6279.0","5218.0","4480.0","5081.0","6561.0","5282.0","5462.0","4423.0","4262.0","4028.0","4346.0","6589.0","7438.0","7157.0","9612.0","10323.86","7250.0","7127.0","9898.0","6628.0","6789.0",""
"産業別集計表（従業者4人以上の事業所）_精密機械_事業所数","","…","16.0","16.0","20.0","17.0","16.0","18.0","15.0","20.0","19.0","19.0","18.0","16.0","16.0","17.0","16.0","16.0","15.0","19.0","17.0","16.0","14.0","14.0","14.0","15.0","13.0","12.0","10.0","…","…","…","…","…","…",""
"産業別集計表（従業者4人以上の事業所）_精密機械_従業者数","人","…","754.0","722.0","840.0","917.0","1051.0","1151.0","1106.0","1270.0","1404.0","1660.0","1363.0","1397.0","1390.0","1387.0","1798.0","1795.0","1769.0","1860.0","1877.0","2035.0","2122.0","2230.0","2283.0","2176.0","1977.0","1822.0","1678.0","…","…","…","…","…","…",""
"産業別集計表（従業者4人以上の事業所）_精密機械_現金給与総額","百万円","…","2064.0","2195.0","2347.0","2746.0","3387.0","4010.0","3905.0","3837.0","4607.0","5901.0","5915.0","5931.0","5897.0","6559.0","6623.0","7159.0","7778.0","8059.0","8120.0","8531.0","9188.0","8397.0","9216.0","9646.0","9057.0","8451.0","7950.0","…","…","…","…","…","…",""
"産業別集計表（従業者4人以上の事業所）_精密機械_原材料使用額等","百万円","…","9538.0","10997.0","12617.0","15592.0","21133.0","16497.0","15953.0","20439.0","18643.0","19890.0","21647.0","21328.0","22411.0","20408.0","20876.0","20489.0","26036.0","26626.0","23141.0","26367.0","27511.0","25174.0","29114.0","33143.0","26517.0","20454.0","24809.0","…","…","…","…","…","…",""
"産業別集計表（従業者4人以上の事業所）_精密機械_製造品出荷額等","百万円","…","19510.0","23455.0","27531.0","27127.0","35261.0","32807.0","32308.0","35236.0","37381.0","41624.0","45690.0","44169.0","46892.0","41664.0","44733.0","47075.0","60482.0","62795.0","55978.0","58311.0","53596.0","51916.0","63286.0","67961.0","53418.0","41378.0","43205.0","…","…","…","…","…","…",""
"産業別集計表（従業者4人以上の事業所）_精密機械_付加価値額","百万円","…","10789.0","11996.0","14238.0","11449.0","14817.0","15455.0","15063.0","11576.0","18683.0","22596.0","23837.0","20772.0","19450.0","18182.0","21205.0","23046.0","31554.0","33305.0","28680.0","30352.0","23727.0","22969.0","29073.0","30701.0","22720.0","15524.0","15789.0","…","…","…","…","…","…",""
"産業別集計表（従業者4人以上の事業所）_その他_事業所数","","…","390.0","400.0","390.0","372.0","241.0","230.0","215.0","229.0","223.0","236.0","212.0","201.0","208.0","195.0","193.0","182.0","177.0","189.0","156.0","161.0","142.0","144.0","138.0","119.0","127.0","107.0","93.0","115.0","101.0","91.0","116.0","88.0","89.0",""
"産業別集計表（従業者4人以上の事業所）_その他_従業者数","人","…","4775.0","4729.0","4717.0","4582.0","2826.0","2812.0","2835.0","3106.0","3051.0","3020.0","2894.0","2692.0","2705.0","2565.0","2346.0","2549.0","x","2322.0","2164.0","1994.0","1802.0","x","1601.0","1554.0","x","1550.0","1522.0","1538.0","1490.0","1578.0","1643.0","1452.0","1347.0",""
"産業別集計表（従業者4人以上の事業所）_その他_現金給与総額","百万円","…","8756.0","8577.0","8860.0","9261.0","5678.0","5603.0","6149.0","6291.0","6629.0","6740.0","6973.0","7044.0","7253.0","7019.0","6650.0","7900.0","x","6997.0","6587.0","5752.0","5128.0","x","4358.0","4192.0","x","x","x","4636.32","4389.0","4983.0","5024.0","4610.0","3978.0",""
"産業別集計表（従業者4人以上の事業所）_その他_原材料使用額等","百万円","…","30425.0","28874.0","31968.0","33198.0","16923.0","16287.0","14826.0","14240.0","14456.0","15116.0","15296.0","15948.0","15023.0","14957.0","12705.0","16831.0","x","14115.0","13261.0","11608.0","10474.0","x","8657.0","8965.0","x","x","x","9475.68","10156.0","10992.0","11355.0","9916.0","11063.0",""
"産業別集計表（従業者4人以上の事業所）_その他_製造品出荷額等","百万円","…","52620.0","48629.0","53761.0","56633.0","29249.0","28876.0","27198.0","27877.0","30020.0","32008.0","31484.0","31766.0","30876.0","30429.0","27355.0","37005.0","x","28784.0","27027.0","22973.0","21066.0","x","17831.0","18442.0","x","x","x","20139.31","19976.0","21099.0","23641.0","20354.0","21279.0",""
"産業別集計表（従業者4人以上の事業所）_その他_付加価値額","百万円","…","21378.0","18962.0","20922.0","22844.0","11773.0","12679.0","11482.0","13316.0","14799.0","15905.0","15476.0","15032.0","14543.0","14252.0","13597.0","18675.0","x","13197.0","12093.0","10171.0","9320.0","x","8229.0","8461.0","x","x","x","10286.87","8668.0","8708.0","11204.0","9253.0","9450.0",""
"","","","","","","","","","","","","","","","","","","","","","","","","","","","","","","","","","","","",""
"従業者規模別集計表（従業者４人以上の事業所）_事業所数_小企業_4～9","","2577.0","2795.0","2785.0","2741.0","2497.0","2598.0","2561.0","2411.0","2464.0","2339.0","2436.0","2324.0","2207.0","2203.0","2040.0","2041.0","1899.0","1818.0","1972.0","1808.0","1745.0","1579.0","1422.0","1467.0","1305.0","1450.0","1174.0","1082.0","1206.0","1036.0","934.0","1136.0","968.0","867.0",""
"従業者規模別集計表（従業者４人以上の事業所）_事業所数_小企業_10～19","","849.0","926.0","920.0","848.0","859.0","821.0","858.0","853.0","875.0","862.0","876.0","837.0","835.0","806.0","771.0","751.0","729.0","676.0","714.0","657.0","625.0","650.0","646.0","632.0","607.0","497.0","536.0","509.0","486.0","467.0","481.0","437.0","470.0","489.0",""
"従業者規模別集計表（従業者４人以上の事業所）_事業所数_小企業_20～29","","317.0","355.0","361.0","370.0","369.0","362.0","377.0","391.0","375.0","376.0","384.0","378.0","386.0","368.0","366.0","342.0","336.0","325.0","300.0","304.0","280.0","266.0","260.0","249.0","238.0","223.0","233.0","223.0","203.0","190.0","190.0","180.0","186.0","195.0",""
"従業者規模別集計表（従業者４人以上の事業所）_事業所数_中企業_30～99","","307.0","316.0","312.0","311.0","314.0","313.0","321.0","319.0","325.0","312.0","311.0","318.0","319.0","316.0","292.0","303.0","311.0","306.0","307.0","294.0","291.0","275.0","265.0","258.0","259.0","260.0","252.0","262.0","260.0","248.0","251.0","281.0","264.0","277.0",""
"従業者規模別集計表（従業者４人以上の事業所）_事業所数_中企業_100～299","","51.0","52.0","52.0","52.0","51.0","54.0","55.0","54.0","61.0","60.0","70.0","74.0","67.0","69.0","64.0","59.0","62.0","66.0","60.0","56.0","62.0","57.0","54.0","51.0","51.0","55.0","54.0","55.0","61.0","63.0","61.0","60.0","68.0","61.0",""
"従業者規模別集計表（従業者４人以上の事業所）_事業所数_大企業_300～","","17.0","17.0","16.0","15.0","14.0","16.0","14.0","12.0","10.0","11.0","10.0","10.0","10.0","10.0","11.0","11.0","11.0","11.0","10.0","9.0","9.0","11.0","12.0","12.0","13.0","12.0","10.0","14.0","13.0","12.0","13.0","12.0","12.0","11.0",""
"従業者規模別集計表（従業者４人以上の事業所）_事業所数_合計","","4118.0","4461.0","4446.0","4337.0","4104.0","4164.0","4186.0","4040.0","4110.0","3960.0","4087.0","3941.0","3824.0","3772.0","3544.0","3507.0","3348.0","3202.0","3363.0","3128.0","3012.0","2838.0","2659.0","2669.0","2473.0","2497.0","2259.0","2145.0","2229.0","2016.0","1930.0","2106.0","1968.0","1900.0",""
"従業者規模別集計表（従業者４人以上の事業所）_従業者数_小企業_4～9","人","15295.0","16550.0","16457.0","16328.0","14969.0","15578.0","15325.0","14602.0","14680.0","14137.0","14539.0","14154.0","13385.0","13308.0","12474.0","12358.0","11564.0","11079.0","11843.0","10988.0","10490.0","9302.0","8396.0","8559.0","7703.0","8708.0","7021.0","6511.0","7050.0","6184.0","5607.0","6693.0","5888.0","5317.0",""
"従業者規模別集計表（従業者４人以上の事業所）_従業者数_小企業_10～19","人","11544.0","12506.0","12487.0","11565.0","11613.0","11218.0","11626.0","11616.0","11809.0","11660.0","11872.0","11505.0","11383.0","10974.0","10592.0","10381.0","9981.0","9316.0","9810.0","8909.0","8558.0","8770.0","8644.0","8432.0","8103.0","6812.0","7108.0","6819.0","6606.0","6277.0","6474.0","6004.0","6498.0","6658.0",""
"従業者規模別集計表（従業者４人以上の事業所）_従業者数_小企業_20～29","人","7741.0","8639.0","8798.0","9021.0","8978.0","8832.0","9071.0","9496.0","9072.0","9130.0","9356.0","9218.0","9373.0","8952.0","8980.0","8386.0","8229.0","7964.0","7280.0","7370.0","6703.0","6484.0","6361.0","6042.0","5708.0","5355.0","5628.0","5414.0","5053.0","4629.0","4603.0","4311.0","4481.0","4744.0",""
"従業者規模別集計表（従業者４人以上の事業所）_従業者数_中企業_30～99","人","15175.0","15482.0","15135.0","14993.0","15428.0","15500.0","15883.0","16255.0","16457.0","15975.0","15875.0","15936.0","16531.0","16158.0","15204.0","15939.0","16271.0","15990.0","16285.0","15779.0","14994.0","14307.0","13942.0","13668.0","13901.0","13735.0","13534.0","14141.0","13903.0","12869.0","13093.0","14897.0","13739.0","14529.0",""
"従業者規模別集計表（従業者４人以上の事業所）_従業者数_中企業_100～299","人","8115.0","8135.0","8010.0","8010.0","7941.0","8010.0","8424.0","8395.0","9492.0","9329.0","10693.0","11173.0","10546.0","10989.0","10114.0","9065.0","9429.0","10063.0","9404.0","8878.0","9591.0","8450.0","7933.0","7802.0","7900.0","8305.0","8463.0","8808.0","9687.0","9626.0","9505.0","9477.0","10303.0","9677.0",""
"従業者規模別集計表（従業者４人以上の事業所）_従業者数_大企業_300～","人","20108.0","20028.0","19453.0","19208.0","18266.0","18695.0","16868.0","15111.0","13588.0","13009.0","12678.0","12702.0","13058.0","13022.0","12973.0","12636.0","11662.0","10828.0","10203.0","9614.0","9298.0","9854.0","10000.0","9817.0","9815.0","9501.0","8803.0","10674.0","10261.0","9569.0","9591.0","9163.0","9272.0","9134.0",""
"従業者規模別集計表（従業者４人以上の事業所）_従業者数_合計","人","77978.0","81340.0","80340.0","79125.0","77195.0","77833.0","77197.0","75475.0","75098.0","73240.0","75013.0","74688.0","74276.0","73403.0","70337.0","68765.0","67136.0","65240.0","64825.0","61538.0","59634.0","57167.0","55276.0","54320.0","53130.0","52416.0","50557.0","52367.0","52560.0","49154.0","48873.0","50545.0","50181.0","50059.0",""
"従業者規模別集計表（従業者４人以上の事業所）_製造品出荷額等_小企業_4～9","百万円","111938.0","130495.0","130173.0","133902.0","126051.0","134378.0","134837.0","126760.0","129681.0","134037.0","144327.0","150461.0","142588.0","137076.0","134550.0","129683.0","126222.0","121549.0","125216.0","115543.0","111762.0","94346.0","82998.0","74470.0","70678.0","80615.0","66018.0","82210.0","69112.6","58217.0","58440.0","75108.0","72235.0","65672.0",""
"従業者規模別集計表（従業者４人以上の事業所）_製造品出荷額等_小企業_10～19","百万円","148397.0","161035.0","155947.0","145937.0","145170.0","147845.0","149522.0","152317.0","160573.0","166056.0","177148.0","175154.0","166392.0","165563.0","153639.0","153696.0","150837.0","139754.0","141974.0","130834.0","120503.0","118128.0","112326.0","112546.0","121023.0","93288.0","96958.0","97464.0","100933.47","88592.0","89198.0","106537.0","105031.0","111512.0",""
"従業者規模別集計表（従業者４人以上の事業所）_製造品出荷額等_小企業_20～29","百万円","114979.0","132419.0","135078.0","133991.0","137158.0","137822.0","140180.0","147579.0","143886.0","152612.0","164681.0","176550.0","221062.0","168806.0","204242.0","150655.0","152903.0","150730.0","127101.0","129179.0","137177.0","143635.0","134753.0","110995.0","96910.0","104291.0","111915.0","105530.0","92307.95","84180.0","81527.0","76203.0","86001.0","92902.0",""
"従業者規模別集計表（従業者４人以上の事業所）_製造品出荷額等_中企業_30～99","百万円","344288.0","358492.0","364232.0","361323.0","366516.0","393067.0","357315.0","369610.0","365063.0","405884.0","433565.0","438764.0","405964.0","427685.0","376098.0","445666.0","450344.0","469450.0","455485.0","434141.0","404453.0","363221.0","342117.0","305951.0","337128.0","350850.0","380004.0","365987.0","402684.48","346348.0","354313.0","423944.0","387970.0","416421.0",""
"従業者規模別集計表（従業者４人以上の事業所）_製造品出荷額等_中企業_100～299","百万円","135070.0","130465.0","134857.0","176254.0","171589.0","193393.0","219340.0","222211.0","263633.0","288731.0","429777.0","444345.0","406343.0","381287.0","378042.0","338444.0","372269.0","389281.0","378152.0","368182.0","413331.0","429867.0","362386.0","278570.0","328213.0","353085.0","412782.0","326389.0","406305.19","329541.0","347290.0","372750.0","382461.0","364623.0",""
"従業者規模別集計表（従業者４人以上の事業所）_製造品出荷額等_大企業_300～","百万円","1711492.0","1925624.0","1929287.0","1448732.0","1568128.0","1606629.0","1124937.0","994066.0","1055882.0","1132725.0","1151856.0","1166660.0","1062463.0","1054400.0","966777.0","1037864.0","1056573.0","1118758.0","1006714.0","981303.0","1078131.0","1091129.0","1018937.0","1118535.0","1410351.0","1798136.0","1766562.0","2181371.0","2194219.88","1507930.0","1746111.0","1887167.0","1833789.0","1921173.0",""
"従業者規模別集計表（従業者４人以上の事業所）_製造品出荷額等_合計","百万円","2566164.0","2838530.0","2849573.0","2400139.0","2514612.0","2613133.0","2126131.0","2012543.0","2118717.0","2280044.0","2501355.0","2551933.0","2404812.0","2334818.0","2213349.0","2256008.0","2309148.0","2389522.0","2234642.0","2159182.0","2265357.0","2240325.0","2053518.0","2001065.0","2364304.0","2780266.0","2834238.0","3158950.0","3265563.57","2414808.0","2676879.0","2941710.0","2867488.0","2972305.0",""
"従業者規模別集計表（従業者４人以上の事業所）_付加価値額_小企業_4～9","百万円","45936.0","55877.0","54364.0","56864.0","54716.0","59862.0","61165.0","58326.0","60051.0","62047.0","66774.0","68911.0","65870.0","64761.0","63827.0","60985.0","59647.0","57465.0","60681.0","56209.0","54238.0","45213.0","41532.0","37425.0","34681.0","40163.0","32683.0","35350.0","31505.26","27247.0","26940.0","37155.0","30987.0","30218.0",""
"従業者規模別集計表（従業者４人以上の事業所）_付加価値額_小企業_10～19","百万円","54686.0","62112.0","59023.0","52820.0","56393.0","54301.0","58493.0","60817.0","65464.0","67425.0","72212.0","70829.0","66842.0","67226.0","64026.0","65440.0","64008.0","59245.0","59265.0","55643.0","53404.0","53131.0","52756.0","49864.0","54817.0","42138.0","45952.0","45480.0","47657.04","39874.0","38943.0","43089.0","41860.0","46189.0",""
"従業者規模別集計表（従業者４人以上の事業所）_付加価値額_小企業_20～29","百万円","42449.0","45018.0","45929.0","47218.0","50930.0","52028.0","54369.0","55622.0","54031.0","58245.0","62734.0","65466.0","69443.0","64435.0","75668.0","63481.0","61349.0","61376.0","52049.0","51772.0","46939.0","52817.0","52089.0","52337.0","43173.0","47075.0","49793.0","43101.0","33584.48","33883.0","34316.0","35219.0","34965.0","37277.0",""
"従業者規模別集計表（従業者４人以上の事業所）_付加価値額_中企業_30～99","百万円","86750.0","93162.0","100216.0","97096.0","103730.0","107358.0","110959.0","118378.0","111724.0","126931.0","133133.0","133738.0","138773.0","137995.0","126831.0","153749.0","154486.0","156428.0","169712.0","150565.0","135864.0","120988.0","120832.0","120640.0","130659.0","138901.0","137507.0","136074.0","145444.73","122881.0","125774.0","155120.0","145961.0","143728.0",""
"従業者規模別集計表（従業者４人以上の事業所）_付加価値額_中企業_100～299","百万円","49492.0","51602.0","52863.0","66349.0","72137.0","69172.0","65603.0","72367.0","87660.0","90797.0","119317.0","132853.0","131480.0","124743.0","130903.0","123854.0","139742.0","149072.0","141669.0","148937.0","160949.0","164998.0","138989.0","110496.0","128490.0","136069.0","174499.0","103561.0","117694.61","103967.0","119312.0","127939.0","117152.0","112157.0",""
"従業者規模別集計表（従業者４人以上の事業所）_付加価値額_大企業_300～","百万円","375221.0","494083.0","495664.0","273246.0","345145.0","378082.0","299585.0","346091.0","314079.0","290868.0","284904.0","303408.0","291999.0","382139.0","330449.0","364897.0","356287.0","378049.0","337306.0","317503.0","381368.0","418952.0","396526.0","490151.0","512929.0","640676.0","553214.0","499709.0","568688.05","333762.0","464359.0","493509.0","488955.0","473452.0",""
"従業者規模別集計表（従業者４人以上の事業所）_付加価値額_合計","百万円","654533.0","801854.0","808061.0","593593.0","683052.0","720803.0","650174.0","711601.0","693009.0","696312.0","739074.0","775204.0","764407.0","841299.0","791703.0","832405.0","835520.0","861635.0","820682.0","780629.0","832762.0","856100.0","802723.0","860912.0","904748.0","1045022.0","993647.0","863275.0","944574.17","661613.0","809644.0","892030.0","859880.0","843021.0",""
"","","","","","","","","","","","","","","","","","","","","","","","","","","","","","","","","","","","",""
"年次別、工業用地の推移（従業者30人以上の事業所）_事業所数","","375.0","385.0","380.0","378.0","379.0","383.0","390.0","385.0","396.0","383.0","391.0","402.0","396.0","395.0","367.0","373.0","384.0","383.0","377.0","359.0","362.0","346.0","331.0","321.0","323.0","327.0","316.0","331.0","334.0","323.0","325.0","353.0","344.0","349.0",""
"年次別、工業用地の推移（従業者30人以上の事業所）_敷地面積","百m2","140602.0","148430.0","156754.0","141995.0","146749.0","149219.0","141777.0","141860.0","143234.0","146281.0","151151.0","152092.0","154224.0","163943.0","162413.0","160615.0","166695.0","167848.0","168716.0","157719.0","156544.0","154745.0","150557.0","150129.0","152686.0","152864.0","149273.0","149705.0","152456.0","152690.0","153013.0","161411.0","159195.0","160195.0",""
"年次別、工業用地の推移（従業者30人以上の事業所）_建築面積","百m2","30877.0","31729.0","32499.0","31914.0","31920.0","32946.0","32999.0","32750.0","33035.0","33107.0","34305.0","34746.0","35416.0","35997.0","35007.0","35103.0","35817.0","36482.0","36773.0","36298.0","36344.0","35714.0","35625.0","35286.0","37016.0","37227.0","36603.0","38024.0","38679.0","38399.0","38783.0","…","39848.0","39948.0",""
"年次別、工業用地の推移（従業者30人以上の事業所）_延べ建築面積","百m2","36553.0","38129.0","38693.0","38017.0","38111.0","39863.0","40331.0","39931.0","40425.0","40516.0","42489.0","43183.0","44313.0","45192.0","44261.0","44439.0","45445.0","45971.0","46695.0","46070.0","46353.0","45506.0","45389.0","44756.0","46573.0","47002.0","46413.0","48082.0","50281.0","49856.0","51585.0","…","52063.0","52470.0",""
"年次別、工業用地の推移（従業者30人以上の事業所）_１事業所当たり敷地面積","百m2","374.9386666666667","385.53246753246754","412.5105263157895","","387.20052770448547","389.6057441253264","363.53076923076924","368.46753246753246","361.7020202020202","381.93472584856397","386.57544757033247","378.33830845771143","389.45454545454544","415.04556962025316","442.5422343324251","430.60321715817696","434.1015625","438.24543080939947","447.52254641909815","439.32869080779943","432.44198895027625","447.23988439306356","454.8549848942598","467.69158878504675","472.7120743034056","467.47400611620793","472.38291139240505","452.0","456.0","473.0","471.0","457.0","463.0","459.0",""
"","","","","","","","","","","","","","","","","","","","","","","","","","","","","","","","","","","","",""
"有形固定資産、設備投資額（従業者３０人以上の事業所）_事業所数","","375.0","385.0","380.0","378.0","379.0","383.0","390.0","385.0","396.0","383.0","391.0","402.0","396.0","395.0","367.0","373.0","384.0","383.0","377.0","359.0","362.0","346.0","331.0","321.0","323.0","327.0","316.0","331.0","334.0","323.0","325.0","353.0","344.0","349.0",""
"有形固定資産、設備投資額（従業者３０人以上の事業所）_有形固定資産_年初現在高","百万円","453022.0","466891.0","481370.0","476818.0","117703.0","521743.0","614264.0","598890.0","620026.0","618592.0","643462.0","653902.0","683807.0","692814.0","720160.0","768723.0","758343.0","775425.0","7196.0","776844.0","791140.0","763242.0","707422.0","659595.0","727354.0","597905.0","590396.0","592419.0","613889.0","644891.0","730435.0","701066.0","663991.0","565499.0",""
"有形固定資産、設備投資額（従業者３０人以上の事業所）_有形固定資産_取得額 (A)　※土地を除く","百万円","66062.0","76288.0","77898.0","102169.0","70601.0","142878.0","72337.0","83078.0","108578.0","88077.0","93316.0","108329.0","99564.0","126592.0","119655.0","63031.0","99735.0","116493.0","83316.0","99910.0","69760.0","58573.0","48037.0","46716.0","36509.0","43276.0","54045.0","62036.0","105288.0","189392.0","79996.0","66882.0","68428.0","63126.0",""
"有形固定資産、設備投資額（従業者３０人以上の事業所）_有形固定資産_除却額","百万円","6374.0","6432.0","7399.0","11732.0","12753.0","33998.0","6940.0","22347.0","18440.0","11596.0","16337.0","5828.0","25175.0","15675.0","6968.0","9865.0","9430.0","10659.0","7196.0","25014.0","10992.0","18623.0","12068.0","7279.0","6944.0","13052.0","5618.0","7929.0","9641.0","10903.0","5726.0","7989.0","3577.0","5599.0",""
"有形固定資産、設備投資額（従業者３０人以上の事業所）_有形固定資産_減価償却額","百万円","54872.0","64910.0","75287.0","63383.0","58355.0","67109.0","68473.0","67196.0","82877.0","80916.0","83631.0","82765.0","77783.0","83485.0","83146.0","81707.0","87141.0","88544.0","86911.0","81574.0","82010.0","81496.0","63901.0","56713.0","56245.0","51827.0","52096.0","56088.0","64076.0","74825.0","82041.0","90449.0","70812.0","63094.0",""
"有形固定資産、設備投資額（従業者３０人以上の事業所）_有形固定資産_年末現在高","百万円","460317.0","475950.0","479681.0","506955.0","521367.0","603003.0","616608.0","597482.0","635404.0","620379.0","648874.0","682044.0","691060.0","727031.0","754993.0","741687.0","766455.0","796816.0","783307.0","772443.0","772356.0","725172.0","496528.0","644099.0","701966.0","598651.0","588671.0","593490.0","646992.0","751701.0","724680.0","670855.0","659367.0","560836.0",""
"有形固定資産、設備投資額（従業者３０人以上の事業所）_建設仮勘定_増","百万円","62704.0","81488.0","113247.0","98515.0","55365.0","65207.0","62512.0","63532.0","73300.0","74844.0","79742.0","97050.0","93914.0","97333.0","51434.0","64683.0","122145.0","35032.0","85943.0","50937.0","39326.0","31906.0","28624.0","20772.0","19690.0","33667.0","35199.0","80833.0","131977.0","105687.0","68854.0","70328.0","67311.0","43044.0",""
"有形固定資産、設備投資額（従業者３０人以上の事業所）_建設仮勘定_減","百万円","55414.0","66572.0","68836.0","94718.0","84431.0","62444.0","57095.0","57121.0","97599.0","66967.0","77848.0","82372.0","71836.0","109798.0","67265.0","42930.0","78860.0","99650.0","65077.0","87633.0","42450.0","30654.0","29594.0","22418.0","18097.0","31583.0","30053.0","41553.0","85279.0","179931.0","61655.0","50540.0","34738.0","42949.0",""
"有形固定資産、設備投資額（従業者３０人以上の事業所）_建設仮勘定_差引 (B)","百万円","7290.0","14916.0","44411.0","3797.0","-29066.0","2763.0","5417.0","6411.0","-24299.0","7877.0","1894.0","14678.0","22078.0","-12465.0","-15831.0","21753.0","43285.0","-64618.0","20866.0","-36696.0","-3124.0","1252.0","-970.0","-1646.0","1592.0","2084.0","5146.0","39280.0","46697.0","-74244.0","7199.0","19788.0","32573.0","95.0",""
"有形固定資産、設備投資額（従業者３０人以上の事業所）_土地取得額 (C)","百万円","2478.0","4111.0","3099.0","3082.0","15483.0","39489.0","5420.0","5057.0","8118.0","6222.0","12064.0","8406.0","10647.0","6784.0","5292.0","1507.0","4949.0","4101.0","5713.0","2276.0","4456.0","3475.0","1406.0","1982.0","1292.0","22348.0","1944.0","3053.0","1532.0","3145.0","2017.0","1344.0","1336.0","906.0",""
"有形固定資産、設備投資額（従業者３０人以上の事業所）_設備投資総額_(A)+(B)+(C)","百万円","75831.0","95316.0","125408.0","109048.0","57017.0","185130.0","83173.0","94547.0","92397.0","102177.0","107273.0","131413.0","132289.0","120911.0","109116.0","87798.0","147968.0","55977.0","109894.0","65491.0","71093.0","63300.0","48471.0","46852.0","39395.0","67707.0","61134.0","104369.0","153517.0","118293.0","89212.0","88015.0","102336.0","64126.0",""
"有形固定資産、設備投資額（従業者３０人以上の事業所）_設備投資総額_１事業所当り","百万円","202.216","247.57402597402597","330.0210526315789","288.4867724867725","150.4406332453826","483.3681462140992","213.26410256410256","245.5766233766234","233.32575757575756","267.0","274.0","327.0","334.0","306.10379746835446","297.3188010899183","235.3833780160858","398.2213541666667","156.86161879895562","306.6498673740053","182.42618384401115","196.38950276243094","182.9479768786127","146.4380664652568","145.95638629283488","121.96594427244582","207.05504587155963","193.4620253164557","315.3141993957704","460.0","366.0","274.0","250.0","297.0","184.0",""
"有形固定資産、設備投資額（従業者３０人以上の事業所）_設備投資総額_従業者１人当り","百万円","1.7473385870316605","2.183892771222362","2.943987980656369","2.58340243064604","1.369448781073616","4.386447103423765","2.019987856709168","2.377882850028923","2.336975491311936","2.67","2.73","3.3","3.3","3.0100575070327866","2.8496513541040978","2.3325717321997876","4.0928483485894755","1.6289688457471327","3.2209684609383706","1.9109742931341367","2.0981908331611723","1.9317037443925662","1.5206588235294118","1.4974909706907022","1.2460463056680162","2.1466345391712376","1.98487012987013","3.1040954108794576","4.54","3.69","2.77","2.62","3.07","1.92",""
